x-axis,FFT
Hertz,dBV
+4.0000E+06,-65.405889E+00
+4.2500E+06,-62.392197E+00
+4.5000E+06,-67.596670E+00
+4.7500E+06,-67.043096E+00
+5.0000E+06,-62.137354E+00
+5.2500E+06,-64.719658E+00
+5.5000E+06,-73.842100E+00
+5.7500E+06,-63.907100E+00
+6.0000E+06,-63.474248E+00
+6.2500E+06,-65.386475E+00
+6.5000E+06,-59.689229E+00
+6.7500E+06,-64.432861E+00
+7.0000E+06,-57.687295E+00
+7.2500E+06,-65.616553E+00
+7.5000E+06,-61.469287E+00
+7.7500E+06,-56.262021E+00
+8.0000E+06,-55.134834E+00
+8.2500E+06,-54.402373E+00
+8.5000E+06,-63.260361E+00
+8.7500E+06,-49.695459E+00
+9.0000E+06,-45.847744E+00
+9.2500E+06,-45.864541E+00
+9.5000E+06,-36.664385E+00
+9.7500E+06,-13.809346E+00
+10.0000E+06,-476.416E-03
+10.2500E+06,-13.791768E+00
+10.5000E+06,-38.030986E+00
+10.7500E+06,-48.857939E+00
+11.0000E+06,-47.306475E+00
+11.2500E+06,-51.695654E+00
+11.5000E+06,-58.100127E+00
+11.7500E+06,-63.238174E+00
+12.0000E+06,-69.398018E+00
+12.2500E+06,-68.398232E+00
+12.5000E+06,-61.330811E+00
+12.7500E+06,-76.578701E+00
+13.0000E+06,-65.963896E+00
+13.2500E+06,-66.797861E+00
+13.5000E+06,-59.663740E+00
+13.7500E+06,-66.551709E+00
+14.0000E+06,-71.571084E+00
+14.2500E+06,-61.243721E+00
+14.5000E+06,-60.766475E+00
+14.7500E+06,-69.747861E+00
+15.0000E+06,-67.216553E+00
+15.2500E+06,-67.330127E+00
+15.5000E+06,-69.678135E+00
+15.7500E+06,-68.558818E+00
+16.0000E+06,-65.657939E+00
+16.2500E+06,-65.181201E+00
+16.5000E+06,-72.455830E+00
+16.7500E+06,-69.865811E+00
+17.0000E+06,-67.898760E+00
+17.2500E+06,-69.242393E+00
+17.5000E+06,-73.080615E+00
+17.7500E+06,-71.552842E+00
+18.0000E+06,-62.855420E+00
+18.2500E+06,-67.231826E+00
+18.5000E+06,-67.683877E+00
+18.7500E+06,-68.247314E+00
+19.0000E+06,-63.563486E+00
+19.2500E+06,-68.933760E+00
+19.5000E+06,-81.773389E+00
+19.7500E+06,-75.201279E+00
+20.0000E+06,-67.186865E+00
+20.2500E+06,-66.016885E+00
+20.5000E+06,-64.002783E+00
+20.7500E+06,-66.743643E+00
+21.0000E+06,-72.435479E+00
+21.2500E+06,-61.656494E+00
+21.5000E+06,-63.093213E+00
+21.7500E+06,-76.316904E+00
+22.0000E+06,-70.634424E+00
+22.2500E+06,-62.363662E+00
+22.5000E+06,-62.108643E+00
+22.7500E+06,-68.922295E+00
+23.0000E+06,-67.309990E+00
+23.2500E+06,-75.953701E+00
+23.5000E+06,-66.167451E+00
+23.7500E+06,-74.015479E+00
+24.0000E+06,-60.608311E+00
+24.2500E+06,-71.894775E+00
+24.5000E+06,-65.659756E+00
+24.7500E+06,-62.323818E+00
+25.0000E+06,-72.857178E+00
+25.2500E+06,-67.188408E+00
+25.5000E+06,-67.392334E+00
+25.7500E+06,-69.140166E+00
+26.0000E+06,-67.159053E+00
+26.2500E+06,-70.825830E+00
+26.5000E+06,-73.480537E+00
+26.7500E+06,-67.526240E+00
+27.0000E+06,-67.403525E+00
+27.2500E+06,-72.992900E+00
+27.5000E+06,-60.911572E+00
+27.7500E+06,-75.222510E+00
+28.0000E+06,-67.674736E+00
+28.2500E+06,-64.704658E+00
+28.5000E+06,-62.357373E+00
+28.7500E+06,-71.337646E+00
+29.0000E+06,-62.760342E+00
+29.2500E+06,-66.518721E+00
+29.5000E+06,-64.868662E+00
+29.7500E+06,-61.272041E+00
+30.0000E+06,-69.245557E+00
+30.2500E+06,-64.249873E+00
+30.5000E+06,-66.664834E+00
+30.7500E+06,-73.377178E+00
+31.0000E+06,-64.639053E+00
+31.2500E+06,-70.074463E+00
+31.5000E+06,-68.644111E+00
+31.7500E+06,-67.624912E+00
+32.0000E+06,-66.737607E+00
+32.2500E+06,-76.320967E+00
+32.5000E+06,-66.796631E+00
+32.7500E+06,-71.088896E+00
+33.0000E+06,-67.262725E+00
+33.2500E+06,-70.559814E+00
+33.5000E+06,-61.609111E+00
+33.7500E+06,-63.059814E+00
+34.0000E+06,-81.175146E+00
+34.2500E+06,-66.094893E+00
+34.5000E+06,-65.489424E+00
+34.7500E+06,-64.157510E+00
+35.0000E+06,-64.533252E+00
+35.2500E+06,-76.409951E+00
+35.5000E+06,-66.246982E+00
+35.7500E+06,-73.137744E+00
+36.0000E+06,-65.076514E+00
+36.2500E+06,-73.071631E+00
+36.5000E+06,-65.555342E+00
+36.7500E+06,-65.614619E+00
+37.0000E+06,-62.192275E+00
+37.2500E+06,-83.450576E+00
+37.5000E+06,-67.763428E+00
+37.7500E+06,-72.351182E+00
+38.0000E+06,-64.803350E+00
+38.2500E+06,-75.346904E+00
+38.5000E+06,-69.539014E+00
+38.7500E+06,-61.783447E+00
+39.0000E+06,-61.711689E+00
+39.2500E+06,-65.122607E+00
+39.5000E+06,-65.757393E+00
+39.7500E+06,-69.581064E+00
+40.0000E+06,-71.707959E+00
+40.2500E+06,-67.651084E+00
+40.5000E+06,-70.789639E+00
+40.7500E+06,-62.758838E+00
+41.0000E+06,-69.831006E+00
+41.2500E+06,-79.390576E+00
+41.5000E+06,-68.453096E+00
+41.7500E+06,-75.997100E+00
+42.0000E+06,-73.268604E+00
+42.2500E+06,-71.066104E+00
+42.5000E+06,-74.581592E+00
+42.7500E+06,-70.138232E+00
+43.0000E+06,-66.858389E+00
+43.2500E+06,-73.683369E+00
+43.5000E+06,-63.098486E+00
+43.7500E+06,-72.489502E+00
+44.0000E+06,-65.991377E+00
+44.2500E+06,-69.988818E+00
+44.5000E+06,-65.249834E+00
+44.7500E+06,-69.137744E+00
+45.0000E+06,-69.037061E+00
+45.2500E+06,-76.159287E+00
+45.5000E+06,-79.225732E+00
+45.7500E+06,-77.039443E+00
+46.0000E+06,-65.170283E+00
+46.2500E+06,-78.256982E+00
+46.5000E+06,-69.801572E+00
+46.7500E+06,-61.895693E+00
+47.0000E+06,-75.550791E+00
+47.2500E+06,-67.964775E+00
+47.5000E+06,-68.182764E+00
+47.7500E+06,-59.447158E+00
+48.0000E+06,-67.182920E+00
+48.2500E+06,-69.490283E+00
+48.5000E+06,-67.687021E+00
+48.7500E+06,-65.663623E+00
+49.0000E+06,-65.235654E+00
+49.2500E+06,-67.157959E+00
+49.5000E+06,-63.030518E+00
+49.7500E+06,-70.277920E+00
+50.0000E+06,-59.703369E+00
+50.2500E+06,-64.343975E+00
+50.5000E+06,-64.098506E+00
+50.7500E+06,-62.259307E+00
+51.0000E+06,-69.162471E+00
+51.2500E+06,-60.495068E+00
+51.5000E+06,-65.297588E+00
+51.7500E+06,-74.600713E+00
+52.0000E+06,-71.598584E+00
+52.2500E+06,-62.137178E+00
+52.5000E+06,-71.088037E+00
+52.7500E+06,-71.929658E+00
+53.0000E+06,-67.716982E+00
+53.2500E+06,-69.761650E+00
+53.5000E+06,-60.093545E+00
+53.7500E+06,-61.344482E+00
+54.0000E+06,-68.255283E+00
+54.2500E+06,-67.436631E+00
+54.5000E+06,-70.090928E+00
+54.7500E+06,-65.175225E+00
+55.0000E+06,-60.994775E+00
+55.2500E+06,-63.338193E+00
+55.5000E+06,-64.531631E+00
+55.7500E+06,-74.987217E+00
+56.0000E+06,-69.406064E+00
+56.2500E+06,-70.312744E+00
+56.5000E+06,-65.547100E+00
+56.7500E+06,-68.931436E+00
+57.0000E+06,-70.353643E+00
+57.2500E+06,-69.728682E+00
+57.5000E+06,-73.611377E+00
+57.7500E+06,-72.272256E+00
+58.0000E+06,-74.700205E+00
+58.2500E+06,-70.415049E+00
+58.5000E+06,-63.485889E+00
+58.7500E+06,-72.820752E+00
+59.0000E+06,-65.646963E+00
+59.2500E+06,-66.144814E+00
+59.5000E+06,-67.965811E+00
+59.7500E+06,-65.013057E+00
+60.0000E+06,-74.254346E+00
+60.2500E+06,-70.119150E+00
+60.5000E+06,-63.337568E+00
+60.7500E+06,-64.387139E+00
+61.0000E+06,-78.326514E+00
+61.2500E+06,-67.993408E+00
+61.5000E+06,-64.206260E+00
+61.7500E+06,-68.306104E+00
+62.0000E+06,-69.720693E+00
+62.2500E+06,-72.594307E+00
+62.5000E+06,-79.788818E+00
+62.7500E+06,-69.467822E+00
+63.0000E+06,-69.949756E+00
+63.2500E+06,-69.946494E+00
+63.5000E+06,-68.802568E+00
+63.7500E+06,-75.058057E+00
+64.0000E+06,-63.339248E+00
+64.2500E+06,-65.620029E+00
+64.5000E+06,-66.912744E+00
+64.7500E+06,-96.667939E+00
+65.0000E+06,-68.612256E+00
+65.2500E+06,-66.886494E+00
+65.5000E+06,-66.263604E+00
+65.7500E+06,-66.243037E+00
+66.0000E+06,-68.663447E+00
+66.2500E+06,-68.562158E+00
+66.5000E+06,-71.663701E+00
+66.7500E+06,-70.478252E+00
+67.0000E+06,-68.959619E+00
+67.2500E+06,-75.642354E+00
+67.5000E+06,-65.742725E+00
+67.7500E+06,-73.759053E+00
+68.0000E+06,-65.604443E+00
+68.2500E+06,-77.492080E+00
+68.5000E+06,-66.545029E+00
+68.7500E+06,-69.859619E+00
+69.0000E+06,-71.116553E+00
+69.2500E+06,-66.768369E+00
+69.5000E+06,-65.787119E+00
+69.7500E+06,-73.440439E+00
+70.0000E+06,-58.866260E+00
+70.2500E+06,-81.524170E+00
+70.5000E+06,-78.047061E+00
+70.7500E+06,-78.431885E+00
+71.0000E+06,-65.955713E+00
+71.2500E+06,-70.759814E+00
+71.5000E+06,-67.984365E+00
+71.7500E+06,-73.063408E+00
+72.0000E+06,-73.265771E+00
+72.2500E+06,-66.687607E+00
+72.5000E+06,-63.374268E+00
+72.7500E+06,-67.864053E+00
+73.0000E+06,-69.607549E+00
+73.2500E+06,-74.936943E+00
+73.5000E+06,-66.247646E+00
+73.7500E+06,-70.632080E+00
+74.0000E+06,-78.459775E+00
+74.2500E+06,-68.689014E+00
+74.5000E+06,-70.203584E+00
+74.7500E+06,-74.008193E+00
+75.0000E+06,-68.647705E+00
+75.2500E+06,-71.627764E+00
+75.5000E+06,-63.219170E+00
+75.7500E+06,-72.106357E+00
+76.0000E+06,-68.996377E+00
+76.2500E+06,-71.250049E+00
+76.5000E+06,-75.844717E+00
+76.7500E+06,-76.508838E+00
+77.0000E+06,-64.485186E+00
+77.2500E+06,-77.393857E+00
+77.5000E+06,-73.697217E+00
+77.7500E+06,-78.187998E+00
+78.0000E+06,-67.549580E+00
+78.2500E+06,-62.064697E+00
+78.5000E+06,-67.287686E+00
+78.7500E+06,-61.930713E+00
+79.0000E+06,-70.170830E+00
+79.2500E+06,-72.335029E+00
+79.5000E+06,-70.329307E+00
+79.7500E+06,-82.735303E+00
+80.0000E+06,-67.116846E+00
+80.2500E+06,-72.855479E+00
+80.5000E+06,-73.238799E+00
+80.7500E+06,-68.961807E+00
+81.0000E+06,-63.801084E+00
+81.2500E+06,-66.942139E+00
+81.5000E+06,-70.957471E+00
+81.7500E+06,-61.306768E+00
+82.0000E+06,-69.050068E+00
+82.2500E+06,-62.634365E+00
+82.5000E+06,-66.899561E+00
+82.7500E+06,-73.155791E+00
+83.0000E+06,-82.344170E+00
+83.2500E+06,-71.309678E+00
+83.5000E+06,-66.766885E+00
+83.7500E+06,-75.469092E+00
+84.0000E+06,-65.720811E+00
+84.2500E+06,-73.277158E+00
+84.5000E+06,-62.660420E+00
+84.7500E+06,-68.783389E+00
+85.0000E+06,-67.143213E+00
+85.2500E+06,-77.666201E+00
+85.5000E+06,-63.187627E+00
+85.7500E+06,-69.824736E+00
+86.0000E+06,-69.783623E+00
+86.2500E+06,-72.890479E+00
+86.5000E+06,-79.938604E+00
+86.7500E+06,-72.918857E+00
+87.0000E+06,-68.602314E+00
+87.2500E+06,-77.646846E+00
+87.5000E+06,-69.259033E+00
+87.7500E+06,-81.296729E+00
+88.0000E+06,-77.768369E+00
+88.2500E+06,-74.938389E+00
+88.5000E+06,-68.740029E+00
+88.7500E+06,-73.689014E+00
+89.0000E+06,-74.158682E+00
+89.2500E+06,-64.949307E+00
+89.5000E+06,-66.092490E+00
+89.7500E+06,-67.387900E+00
+90.0000E+06,-68.661572E+00
+90.2500E+06,-67.719580E+00
+90.5000E+06,-76.579541E+00
+90.7500E+06,-67.046592E+00
+91.0000E+06,-62.011025E+00
+91.2500E+06,-68.284326E+00
+91.5000E+06,-65.108877E+00
+91.7500E+06,-74.815635E+00
+92.0000E+06,-62.184014E+00
+92.2500E+06,-68.030186E+00
+92.5000E+06,-75.881592E+00
+92.7500E+06,-73.126650E+00
+93.0000E+06,-68.121201E+00
+93.2500E+06,-71.156182E+00
+93.5000E+06,-64.242178E+00
+93.7500E+06,-70.440674E+00
+94.0000E+06,-67.030459E+00
+94.2500E+06,-73.494072E+00
+94.5000E+06,-68.589209E+00
+94.7500E+06,-68.572354E+00
+95.0000E+06,-68.236768E+00
+95.2500E+06,-68.373486E+00
+95.5000E+06,-70.766338E+00
+95.7500E+06,-68.142061E+00
+96.0000E+06,-73.695654E+00
+96.2500E+06,-69.227490E+00
+96.5000E+06,-68.309072E+00
+96.7500E+06,-69.685205E+00
+97.0000E+06,-63.466533E+00
+97.2500E+06,-73.066084E+00
+97.5000E+06,-67.072900E+00
+97.7500E+06,-71.782646E+00
+98.0000E+06,-76.636006E+00
+98.2500E+06,-68.052979E+00
+98.5000E+06,-65.939639E+00
+98.7500E+06,-76.846631E+00
+99.0000E+06,-65.488682E+00
+99.2500E+06,-67.759932E+00
+99.5000E+06,-71.496338E+00
+99.7500E+06,-69.084834E+00
+100.0000E+06,-79.233154E+00
+100.2500E+06,-76.722314E+00
+100.5000E+06,-65.915381E+00
+100.7500E+06,-70.200771E+00
+101.0000E+06,-75.235381E+00
+101.2500E+06,-73.742334E+00
+101.5000E+06,-78.960029E+00
+101.7500E+06,-76.526553E+00
+102.0000E+06,-84.159150E+00
+102.2500E+06,-78.091533E+00
+102.5000E+06,-71.356689E+00
+102.7500E+06,-70.929502E+00
+103.0000E+06,-76.925029E+00
+103.2500E+06,-71.400381E+00
+103.5000E+06,-71.631475E+00
+103.7500E+06,-71.272998E+00
+104.0000E+06,-78.683115E+00
+104.2500E+06,-68.490811E+00
+104.5000E+06,-70.751650E+00
+104.7500E+06,-70.102607E+00
+105.0000E+06,-66.260303E+00
+105.2500E+06,-83.719756E+00
+105.5000E+06,-72.203701E+00
+105.7500E+06,-68.294150E+00
+106.0000E+06,-66.297920E+00
+106.2500E+06,-68.821045E+00
+106.5000E+06,-68.587393E+00
+106.7500E+06,-64.673643E+00
+107.0000E+06,-73.637021E+00
+107.2500E+06,-76.571436E+00
+107.5000E+06,-90.658545E+00
+107.7500E+06,-73.910381E+00
+108.0000E+06,-68.227002E+00
+108.2500E+06,-69.631514E+00
+108.5000E+06,-81.993525E+00
+108.7500E+06,-75.616943E+00
+109.0000E+06,-61.057139E+00
+109.2500E+06,-75.333740E+00
+109.5000E+06,-75.979893E+00
+109.7500E+06,-68.587705E+00
+110.0000E+06,-68.749170E+00
+110.2500E+06,-70.135146E+00
+110.5000E+06,-75.552822E+00
+110.7500E+06,-72.398350E+00
+111.0000E+06,-65.203682E+00
+111.2500E+06,-68.346729E+00
+111.5000E+06,-74.865908E+00
+111.7500E+06,-69.794932E+00
+112.0000E+06,-78.192900E+00
+112.2500E+06,-72.816807E+00
+112.5000E+06,-69.419678E+00
+112.7500E+06,-76.429443E+00
+113.0000E+06,-72.287178E+00
+113.2500E+06,-65.019717E+00
+113.5000E+06,-68.683955E+00
+113.7500E+06,-76.419482E+00
+114.0000E+06,-74.587822E+00
+114.2500E+06,-72.107354E+00
+114.5000E+06,-70.915400E+00
+114.7500E+06,-95.498428E+00
+115.0000E+06,-75.715967E+00
+115.2500E+06,-70.181631E+00
+115.5000E+06,-68.617939E+00
+115.7500E+06,-74.556182E+00
+116.0000E+06,-78.005361E+00
+116.2500E+06,-73.166064E+00
+116.5000E+06,-68.467139E+00
+116.7500E+06,-79.761514E+00
+117.0000E+06,-76.863037E+00
+117.2500E+06,-83.486143E+00
+117.5000E+06,-68.378564E+00
+117.7500E+06,-85.993428E+00
+118.0000E+06,-70.645166E+00
+118.2500E+06,-82.662998E+00
+118.5000E+06,-69.078408E+00
+118.7500E+06,-61.945068E+00
+119.0000E+06,-71.896357E+00
+119.2500E+06,-70.120244E+00
+119.5000E+06,-83.803096E+00
+119.7500E+06,-70.411064E+00
+120.0000E+06,-70.206689E+00
+120.2500E+06,-74.635146E+00
+120.5000E+06,-68.572666E+00
+120.7500E+06,-80.464854E+00
+121.0000E+06,-68.224092E+00
+121.2500E+06,-70.877100E+00
+121.5000E+06,-70.808799E+00
+121.7500E+06,-77.691826E+00
+122.0000E+06,-68.831006E+00
+122.2500E+06,-72.704482E+00
+122.5000E+06,-67.991162E+00
+122.7500E+06,-66.874951E+00
+123.0000E+06,-77.494072E+00
+123.2500E+06,-74.414014E+00
+123.5000E+06,-64.570498E+00
+123.7500E+06,-74.599268E+00
+124.0000E+06,-91.682334E+00
+124.2500E+06,-65.924287E+00
+124.5000E+06,-71.248389E+00
+124.7500E+06,-80.494385E+00
+125.0000E+06,-70.570068E+00
+125.2500E+06,-62.969697E+00
+125.5000E+06,-68.185146E+00
+125.7500E+06,-67.433428E+00
+126.0000E+06,-74.684346E+00
+126.2500E+06,-67.786572E+00
+126.5000E+06,-69.830576E+00
+126.7500E+06,-68.555146E+00
+127.0000E+06,-77.019150E+00
+127.2500E+06,-69.411650E+00
+127.5000E+06,-72.855518E+00
+127.7500E+06,-78.232451E+00
+128.0000E+06,-67.436455E+00
+128.2500E+06,-70.924404E+00
+128.5000E+06,-70.630518E+00
+128.7500E+06,-82.984619E+00
+129.0000E+06,-77.734736E+00
+129.2500E+06,-76.418037E+00
+129.5000E+06,-76.391396E+00
+129.7500E+06,-73.117686E+00
+130.0000E+06,-77.952490E+00
+130.2500E+06,-71.943428E+00
+130.5000E+06,-66.661084E+00
+130.7500E+06,-73.088350E+00
+131.0000E+06,-75.386064E+00
+131.2500E+06,-74.523193E+00
+131.5000E+06,-72.406221E+00
+131.7500E+06,-69.542061E+00
+132.0000E+06,-76.171729E+00
+132.2500E+06,-73.001514E+00
+132.5000E+06,-80.067041E+00
+132.7500E+06,-80.442529E+00
+133.0000E+06,-72.011768E+00
+133.2500E+06,-76.664111E+00
+133.5000E+06,-68.584033E+00
+133.7500E+06,-71.380811E+00
+134.0000E+06,-82.684014E+00
+134.2500E+06,-74.495107E+00
+134.5000E+06,-74.469580E+00
+134.7500E+06,-80.540674E+00
+135.0000E+06,-71.263037E+00
+135.2500E+06,-69.114678E+00
+135.5000E+06,-81.720869E+00
+135.7500E+06,-73.255088E+00
+136.0000E+06,-69.944580E+00
+136.2500E+06,-66.969287E+00
+136.5000E+06,-71.874756E+00
+136.7500E+06,-78.048994E+00
+137.0000E+06,-66.500303E+00
+137.2500E+06,-81.325869E+00
+137.5000E+06,-68.942139E+00
+137.7500E+06,-73.649404E+00
+138.0000E+06,-72.605752E+00
+138.2500E+06,-78.196748E+00
+138.5000E+06,-70.266592E+00
+138.7500E+06,-79.117529E+00
+139.0000E+06,-72.398936E+00
+139.2500E+06,-78.089170E+00
+139.5000E+06,-74.748936E+00
+139.7500E+06,-80.218154E+00
+140.0000E+06,-73.758643E+00
+140.2500E+06,-75.554561E+00
+140.5000E+06,-78.430518E+00
+140.7500E+06,-80.585264E+00
+141.0000E+06,-69.571299E+00
+141.2500E+06,-67.557764E+00
+141.5000E+06,-71.249717E+00
+141.7500E+06,-71.405068E+00
+142.0000E+06,-68.529600E+00
+142.2500E+06,-81.058467E+00
+142.5000E+06,-72.961963E+00
+142.7500E+06,-69.497197E+00
+143.0000E+06,-81.423662E+00
+143.2500E+06,-72.193643E+00
+143.5000E+06,-72.872842E+00
+143.7500E+06,-74.590088E+00
+144.0000E+06,-76.997529E+00
+144.2500E+06,-72.434463E+00
+144.5000E+06,-76.848447E+00
+144.7500E+06,-74.532725E+00
+145.0000E+06,-76.737744E+00
+145.2500E+06,-75.626045E+00
+145.5000E+06,-77.683604E+00
+145.7500E+06,-72.645889E+00
+146.0000E+06,-75.110693E+00
+146.2500E+06,-70.818604E+00
+146.5000E+06,-69.808564E+00
+146.7500E+06,-68.410439E+00
+147.0000E+06,-77.170557E+00
+147.2500E+06,-70.605596E+00
+147.5000E+06,-73.687939E+00
+147.7500E+06,-80.589580E+00
+148.0000E+06,-73.136572E+00
+148.2500E+06,-80.090010E+00
+148.5000E+06,-75.890967E+00
+148.7500E+06,-72.591748E+00
+149.0000E+06,-67.801104E+00
+149.2500E+06,-71.212861E+00
+149.5000E+06,-72.371904E+00
+149.7500E+06,-72.387842E+00
+150.0000E+06,-78.837158E+00
+150.2500E+06,-77.252490E+00
+150.5000E+06,-72.734443E+00
+150.7500E+06,-75.370381E+00
+151.0000E+06,-71.588154E+00
+151.2500E+06,-88.282764E+00
+151.5000E+06,-72.648506E+00
+151.7500E+06,-83.357236E+00
+152.0000E+06,-78.035518E+00
+152.2500E+06,-81.021650E+00
+152.5000E+06,-74.369873E+00
+152.7500E+06,-79.334736E+00
+153.0000E+06,-71.923213E+00
+153.2500E+06,-94.049131E+00
+153.5000E+06,-81.740479E+00
+153.7500E+06,-79.023877E+00
+154.0000E+06,-75.693428E+00
+154.2500E+06,-70.958135E+00
+154.5000E+06,-71.121631E+00
+154.7500E+06,-78.197998E+00
+155.0000E+06,-79.510986E+00
+155.2500E+06,-85.977236E+00
+155.5000E+06,-71.166846E+00
+155.7500E+06,-77.868057E+00
+156.0000E+06,-74.008096E+00
+156.2500E+06,-83.597412E+00
+156.5000E+06,-88.022432E+00
+156.7500E+06,-71.945967E+00
+157.0000E+06,-71.676260E+00
+157.2500E+06,-74.007256E+00
+157.5000E+06,-77.124170E+00
+157.7500E+06,-74.591494E+00
+158.0000E+06,-79.139814E+00
+158.2500E+06,-82.729639E+00
+158.5000E+06,-80.354033E+00
+158.7500E+06,-75.772119E+00
+159.0000E+06,-74.668721E+00
+159.2500E+06,-76.139854E+00
+159.5000E+06,-79.418740E+00
+159.7500E+06,-71.449736E+00
+160.0000E+06,-82.198975E+00
+160.2500E+06,-80.075889E+00
+160.5000E+06,-71.148350E+00
+160.7500E+06,-70.723545E+00
+161.0000E+06,-74.866143E+00
+161.2500E+06,-72.591650E+00
+161.5000E+06,-70.949873E+00
+161.7500E+06,-93.563057E+00
+162.0000E+06,-73.977178E+00
+162.2500E+06,-81.418467E+00
+162.5000E+06,-82.766357E+00
+162.7500E+06,-76.140576E+00
+163.0000E+06,-75.702178E+00
+163.2500E+06,-73.762939E+00
+163.5000E+06,-77.390244E+00
+163.7500E+06,-76.016455E+00
+164.0000E+06,-80.412295E+00
+164.2500E+06,-88.227549E+00
+164.5000E+06,-87.923760E+00
+164.7500E+06,-76.199912E+00
+165.0000E+06,-75.724561E+00
+165.2500E+06,-72.654287E+00
+165.5000E+06,-74.390850E+00
+165.7500E+06,-75.305713E+00
+166.0000E+06,-76.896357E+00
+166.2500E+06,-73.600537E+00
+166.5000E+06,-75.058584E+00
+166.7500E+06,-75.616357E+00
+167.0000E+06,-66.724365E+00
+167.2500E+06,-73.340615E+00
+167.5000E+06,-69.480127E+00
+167.7500E+06,-77.715283E+00
+168.0000E+06,-74.077959E+00
+168.2500E+06,-72.220811E+00
+168.5000E+06,-80.268311E+00
+168.7500E+06,-74.835205E+00
+169.0000E+06,-76.005381E+00
+169.2500E+06,-85.850205E+00
+169.5000E+06,-76.271455E+00
+169.7500E+06,-83.093643E+00
+170.0000E+06,-85.358643E+00
+170.2500E+06,-83.713232E+00
+170.5000E+06,-72.757822E+00
+170.7500E+06,-80.346943E+00
+171.0000E+06,-92.570654E+00
+171.2500E+06,-76.720264E+00
+171.5000E+06,-73.428896E+00
+171.7500E+06,-79.682646E+00
+172.0000E+06,-76.639033E+00
+172.2500E+06,-72.513623E+00
+172.5000E+06,-76.231787E+00
+172.7500E+06,-74.725557E+00
+173.0000E+06,-77.333115E+00
+173.2500E+06,-71.918213E+00
+173.5000E+06,-75.555889E+00
+173.7500E+06,-86.013428E+00
+174.0000E+06,-82.955361E+00
+174.2500E+06,-79.282373E+00
+174.5000E+06,-75.186025E+00
+174.7500E+06,-84.812920E+00
+175.0000E+06,-76.677490E+00
+175.2500E+06,-73.704639E+00
+175.5000E+06,-82.789834E+00
+175.7500E+06,-80.032646E+00
+176.0000E+06,-78.105244E+00
+176.2500E+06,-73.185205E+00
+176.5000E+06,-73.899189E+00
+176.7500E+06,-79.568584E+00
+177.0000E+06,-70.137490E+00
+177.2500E+06,-85.973799E+00
+177.5000E+06,-79.512354E+00
+177.7500E+06,-75.563936E+00
+178.0000E+06,-73.562549E+00
+178.2500E+06,-77.977764E+00
+178.5000E+06,-72.457939E+00
+178.7500E+06,-83.079248E+00
+179.0000E+06,-74.427744E+00
+179.2500E+06,-73.690771E+00
+179.5000E+06,-77.949307E+00
+179.7500E+06,-72.458154E+00
+180.0000E+06,-74.754639E+00
+180.2500E+06,-74.724170E+00
+180.5000E+06,-77.235498E+00
+180.7500E+06,-76.479209E+00
+181.0000E+06,-75.409736E+00
+181.2500E+06,-80.234619E+00
+181.5000E+06,-78.909424E+00
+181.7500E+06,-77.178232E+00
+182.0000E+06,-76.643311E+00
+182.2500E+06,-78.044912E+00
+182.5000E+06,-79.702197E+00
+182.7500E+06,-84.343955E+00
+183.0000E+06,-84.031182E+00
+183.2500E+06,-73.232471E+00
+183.5000E+06,-78.103721E+00
+183.7500E+06,-78.132959E+00
+184.0000E+06,-72.046143E+00
+184.2500E+06,-79.842334E+00
+184.5000E+06,-84.135010E+00
+184.7500E+06,-82.299521E+00
+185.0000E+06,-76.898193E+00
+185.2500E+06,-88.122686E+00
+185.5000E+06,-77.080361E+00
+185.7500E+06,-76.993682E+00
+186.0000E+06,-82.596416E+00
+186.2500E+06,-78.213525E+00
+186.5000E+06,-77.641572E+00
+186.7500E+06,-74.216768E+00
+187.0000E+06,-91.424072E+00
+187.2500E+06,-73.098330E+00
+187.5000E+06,-75.238037E+00
+187.7500E+06,-78.360498E+00
+188.0000E+06,-76.326631E+00
+188.2500E+06,-80.584365E+00
+188.5000E+06,-81.932939E+00
+188.7500E+06,-75.745654E+00
+189.0000E+06,-73.891514E+00
+189.2500E+06,-83.303447E+00
+189.5000E+06,-76.645596E+00
+189.7500E+06,-79.564697E+00
+190.0000E+06,-80.161475E+00
+190.2500E+06,-81.245732E+00
+190.5000E+06,-82.199736E+00
+190.7500E+06,-87.190869E+00
+191.0000E+06,-72.021729E+00
+191.2500E+06,-91.907275E+00
+191.5000E+06,-83.436377E+00
+191.7500E+06,-78.045811E+00
+192.0000E+06,-72.576826E+00
+192.2500E+06,-78.046475E+00
+192.5000E+06,-81.341846E+00
+192.7500E+06,-78.556807E+00
+193.0000E+06,-73.971338E+00
+193.2500E+06,-79.757158E+00
+193.5000E+06,-76.641748E+00
+193.7500E+06,-80.800537E+00
+194.0000E+06,-90.387002E+00
+194.2500E+06,-78.485869E+00
+194.5000E+06,-74.310010E+00
+194.7500E+06,-77.876689E+00
+195.0000E+06,-78.227197E+00
+195.2500E+06,-79.700596E+00
+195.5000E+06,-78.328135E+00
+195.7500E+06,-74.740088E+00
+196.0000E+06,-77.595029E+00
+196.2500E+06,-78.506885E+00
+196.5000E+06,-74.306377E+00
+196.7500E+06,-97.137158E+00
+197.0000E+06,-79.726475E+00
+197.2500E+06,-83.447373E+00
+197.5000E+06,-78.568896E+00
+197.7500E+06,-80.356377E+00
+198.0000E+06,-75.896064E+00
+198.2500E+06,-80.218076E+00
+198.5000E+06,-75.914385E+00
+198.7500E+06,-90.513818E+00
+199.0000E+06,-74.849111E+00
+199.2500E+06,-84.372197E+00
+199.5000E+06,-84.876162E+00
+199.7500E+06,-77.502197E+00
+200.0000E+06,-80.455322E+00
+200.2500E+06,-76.425479E+00
+200.5000E+06,-79.302275E+00
+200.7500E+06,-82.578525E+00
+201.0000E+06,-75.165361E+00
+201.2500E+06,-78.075830E+00
+201.5000E+06,-82.093389E+00
+201.7500E+06,-83.205420E+00
+202.0000E+06,-80.383389E+00
+202.2500E+06,-91.705850E+00
+202.5000E+06,-87.602490E+00
+202.7500E+06,-80.210303E+00
+203.0000E+06,-75.950889E+00
+203.2500E+06,-82.367139E+00
+203.5000E+06,-81.334854E+00
+203.7500E+06,-78.001709E+00
+204.0000E+06,-76.507100E+00
+204.2500E+06,-79.303408E+00
+204.5000E+06,-82.200889E+00
+204.7500E+06,-85.074346E+00
+205.0000E+06,-77.966650E+00
+205.2500E+06,-75.542998E+00
+205.5000E+06,-90.468877E+00
+205.7500E+06,-80.757568E+00
+206.0000E+06,-83.286182E+00
+206.2500E+06,-79.520264E+00
+206.5000E+06,-74.312842E+00
+206.7500E+06,-78.150205E+00
+207.0000E+06,-74.928311E+00
+207.2500E+06,-79.718896E+00
+207.5000E+06,-75.326416E+00
+207.7500E+06,-79.568584E+00
+208.0000E+06,-74.266006E+00
+208.2500E+06,-81.600225E+00
+208.5000E+06,-81.016475E+00
+208.7500E+06,-78.250635E+00
+209.0000E+06,-81.805889E+00
+209.2500E+06,-77.244541E+00
+209.5000E+06,-78.380928E+00
+209.7500E+06,-76.449600E+00
+210.0000E+06,-75.993994E+00
+210.2500E+06,-73.806729E+00
+210.5000E+06,-77.053838E+00
+210.7500E+06,-93.448916E+00
+211.0000E+06,-77.726533E+00
+211.2500E+06,-80.060791E+00
+211.5000E+06,-75.712666E+00
+211.7500E+06,-77.099033E+00
+212.0000E+06,-90.791592E+00
+212.2500E+06,-79.959717E+00
+212.5000E+06,-75.166260E+00
+212.7500E+06,-87.529092E+00
+213.0000E+06,-96.461650E+00
+213.2500E+06,-90.170381E+00
+213.5000E+06,-74.965693E+00
+213.7500E+06,-81.693115E+00
+214.0000E+06,-90.533311E+00
+214.2500E+06,-85.359072E+00
+214.5000E+06,-76.962256E+00
+214.7500E+06,-76.807607E+00
+215.0000E+06,-90.432666E+00
+215.2500E+06,-81.530967E+00
+215.5000E+06,-78.449639E+00
+215.7500E+06,-88.729307E+00
+216.0000E+06,-84.325986E+00
+216.2500E+06,-75.817920E+00
+216.5000E+06,-90.050732E+00
+216.7500E+06,-81.516494E+00
+217.0000E+06,-74.922100E+00
+217.2500E+06,-76.767627E+00
+217.5000E+06,-80.140186E+00
+217.7500E+06,-76.992158E+00
+218.0000E+06,-76.018994E+00
+218.2500E+06,-74.674033E+00
+218.5000E+06,-71.014229E+00
+218.7500E+06,-80.035400E+00
+219.0000E+06,-81.549736E+00
+219.2500E+06,-80.379990E+00
+219.5000E+06,-79.212139E+00
+219.7500E+06,-88.189189E+00
+220.0000E+06,-74.778271E+00
+220.2500E+06,-76.226826E+00
+220.5000E+06,-75.281553E+00
+220.7500E+06,-79.744424E+00
+221.0000E+06,-82.308057E+00
+221.2500E+06,-83.706885E+00
+221.5000E+06,-84.098213E+00
+221.7500E+06,-80.644502E+00
+222.0000E+06,-82.577627E+00
+222.2500E+06,-75.823545E+00
+222.5000E+06,-77.812744E+00
+222.7500E+06,-81.035615E+00
+223.0000E+06,-79.027021E+00
+223.2500E+06,-88.747627E+00
+223.5000E+06,-80.980244E+00
+223.7500E+06,-78.339893E+00
+224.0000E+06,-80.878115E+00
+224.2500E+06,-80.625811E+00
+224.5000E+06,-77.714385E+00
+224.7500E+06,-81.924385E+00
+225.0000E+06,-68.781494E+00
+225.2500E+06,-81.904307E+00
+225.5000E+06,-77.702744E+00
+225.7500E+06,-75.278545E+00
+226.0000E+06,-80.038662E+00
+226.2500E+06,-82.154736E+00
+226.5000E+06,-85.417236E+00
+226.7500E+06,-88.471709E+00
+227.0000E+06,-83.328740E+00
+227.2500E+06,-80.799131E+00
+227.5000E+06,-76.322803E+00
+227.7500E+06,-79.315693E+00
+228.0000E+06,-80.212021E+00
+228.2500E+06,-79.806846E+00
+228.5000E+06,-74.342393E+00
+228.7500E+06,-73.291846E+00
+229.0000E+06,-80.909443E+00
+229.2500E+06,-71.153311E+00
+229.5000E+06,-87.277002E+00
+229.7500E+06,-80.232334E+00
+230.0000E+06,-78.335889E+00
+230.2500E+06,-79.855420E+00
+230.5000E+06,-81.416025E+00
+230.7500E+06,-88.554795E+00
+231.0000E+06,-76.349658E+00
+231.2500E+06,-85.360107E+00
+231.5000E+06,-80.373330E+00
+231.7500E+06,-81.521885E+00
+232.0000E+06,-82.689932E+00
+232.2500E+06,-75.609404E+00
+232.5000E+06,-75.232373E+00
+232.7500E+06,-77.646260E+00
+233.0000E+06,-82.733135E+00
+233.2500E+06,-74.202275E+00
+233.5000E+06,-77.137100E+00
+233.7500E+06,-71.004541E+00
+234.0000E+06,-81.568057E+00
+234.2500E+06,-81.759189E+00
+234.5000E+06,-89.780557E+00
+234.7500E+06,-70.136650E+00
+235.0000E+06,-75.075830E+00
+235.2500E+06,-74.230205E+00
+235.5000E+06,-70.188311E+00
+235.7500E+06,-75.001436E+00
+236.0000E+06,-79.902510E+00
+236.2500E+06,-83.997803E+00
+236.5000E+06,-77.594482E+00
+236.7500E+06,-77.697686E+00
+237.0000E+06,-74.215596E+00
+237.2500E+06,-84.002275E+00
+237.5000E+06,-83.697998E+00
+237.7500E+06,-79.726533E+00
+238.0000E+06,-79.390693E+00
+238.2500E+06,-73.975439E+00
+238.5000E+06,-70.546768E+00
+238.7500E+06,-80.262061E+00
+239.0000E+06,-81.508311E+00
+239.2500E+06,-80.430498E+00
+239.5000E+06,-79.470986E+00
+239.7500E+06,-78.596592E+00
+240.0000E+06,-81.326904E+00
+240.2500E+06,-81.086182E+00
+240.5000E+06,-71.189482E+00
+240.7500E+06,-76.899736E+00
+241.0000E+06,-79.800088E+00
+241.2500E+06,-86.575732E+00
+241.5000E+06,-75.744893E+00
+241.7500E+06,-77.635049E+00
+242.0000E+06,-75.456768E+00
+242.2500E+06,-75.093682E+00
+242.5000E+06,-81.716357E+00
+242.7500E+06,-75.122686E+00
+243.0000E+06,-77.629365E+00
+243.2500E+06,-85.186455E+00
+243.5000E+06,-76.045244E+00
+243.7500E+06,-75.191162E+00
+244.0000E+06,-75.745830E+00
+244.2500E+06,-76.363232E+00
+244.5000E+06,-72.846729E+00
+244.7500E+06,-77.750732E+00
+245.0000E+06,-77.783447E+00
+245.2500E+06,-72.305732E+00
+245.5000E+06,-73.210127E+00
+245.7500E+06,-75.712275E+00
+246.0000E+06,-74.546572E+00
+246.2500E+06,-83.612061E+00
+246.5000E+06,-84.040850E+00
+246.7500E+06,-75.726650E+00
+247.0000E+06,-71.794678E+00
+247.2500E+06,-78.715771E+00
+247.5000E+06,-78.847412E+00
+247.7500E+06,-75.091123E+00
+248.0000E+06,-78.158369E+00
+248.2500E+06,-81.512842E+00
+248.5000E+06,-76.654385E+00
+248.7500E+06,-84.585205E+00
+249.0000E+06,-85.051396E+00
+249.2500E+06,-73.398994E+00
+249.5000E+06,-79.195889E+00
+249.7500E+06,-71.935518E+00
+250.0000E+06,-72.637939E+00
+250.2500E+06,-93.479541E+00
+250.5000E+06,-79.527158E+00
+250.7500E+06,-76.723701E+00
+251.0000E+06,-86.492646E+00
+251.2500E+06,-77.181006E+00
+251.5000E+06,-83.994717E+00
+251.7500E+06,-72.403428E+00
+252.0000E+06,-74.037783E+00
+252.2500E+06,-81.423662E+00
+252.5000E+06,-69.021826E+00
+252.7500E+06,-81.949268E+00
+253.0000E+06,-78.538760E+00
+253.2500E+06,-74.453135E+00
+253.5000E+06,-72.510420E+00
+253.7500E+06,-87.408545E+00
+254.0000E+06,-87.332900E+00
+254.2500E+06,-91.452744E+00
+254.5000E+06,-78.478330E+00
+254.7500E+06,-74.903193E+00
+255.0000E+06,-84.151611E+00
+255.2500E+06,-76.816006E+00
+255.5000E+06,-68.448350E+00
+255.7500E+06,-82.333193E+00
+256.0000E+06,-93.602236E+00
+256.2500E+06,-69.866455E+00
+256.5000E+06,-69.779287E+00
+256.7500E+06,-82.646299E+00
+257.0000E+06,-73.058154E+00
+257.2500E+06,-75.437783E+00
+257.5000E+06,-73.026807E+00
+257.7500E+06,-76.833721E+00
+258.0000E+06,-72.077588E+00
+258.2500E+06,-70.213545E+00
+258.5000E+06,-76.464014E+00
+258.7500E+06,-72.616553E+00
+259.0000E+06,-74.330967E+00
+259.2500E+06,-74.953643E+00
+259.5000E+06,-73.740107E+00
+259.7500E+06,-83.848213E+00
+260.0000E+06,-72.159131E+00
+260.2500E+06,-75.279131E+00
+260.5000E+06,-74.211338E+00
+260.7500E+06,-74.623838E+00
+261.0000E+06,-74.921377E+00
+261.2500E+06,-73.258350E+00
+261.5000E+06,-73.061729E+00
+261.7500E+06,-93.227568E+00
+262.0000E+06,-74.837744E+00
+262.2500E+06,-81.499521E+00
+262.5000E+06,-75.882080E+00
+262.7500E+06,-93.875928E+00
+263.0000E+06,-77.639873E+00
+263.2500E+06,-71.634580E+00
+263.5000E+06,-76.616299E+00
+263.7500E+06,-80.519092E+00
+264.0000E+06,-77.256826E+00
+264.2500E+06,-78.627725E+00
+264.5000E+06,-84.277861E+00
+264.7500E+06,-72.962764E+00
+265.0000E+06,-81.247119E+00
+265.2500E+06,-80.734072E+00
+265.5000E+06,-81.570244E+00
+265.7500E+06,-82.420596E+00
+266.0000E+06,-73.064775E+00
+266.2500E+06,-73.625244E+00
+266.5000E+06,-82.055635E+00
+266.7500E+06,-94.533701E+00
+267.0000E+06,-85.242119E+00
+267.2500E+06,-70.717646E+00
+267.5000E+06,-73.134717E+00
+267.7500E+06,-78.628818E+00
+268.0000E+06,-76.989326E+00
+268.2500E+06,-71.843193E+00
+268.5000E+06,-75.173174E+00
+268.7500E+06,-77.565186E+00
+269.0000E+06,-81.520283E+00
+269.2500E+06,-78.206455E+00
+269.5000E+06,-78.505889E+00
+269.7500E+06,-83.309033E+00
+270.0000E+06,-87.950537E+00
+270.2500E+06,-82.426592E+00
+270.5000E+06,-87.159600E+00
+270.7500E+06,-99.380264E+00
+271.0000E+06,-74.238135E+00
+271.2500E+06,-81.766943E+00
+271.5000E+06,-86.808408E+00
+271.7500E+06,-81.547354E+00
+272.0000E+06,-80.451709E+00
+272.2500E+06,-87.543330E+00
+272.5000E+06,-73.211572E+00
+272.7500E+06,-74.132021E+00
+273.0000E+06,-75.046260E+00
+273.2500E+06,-90.877686E+00
+273.5000E+06,-77.290479E+00
+273.7500E+06,-79.371631E+00
+274.0000E+06,-78.625029E+00
+274.2500E+06,-76.240537E+00
+274.5000E+06,-85.856436E+00
+274.7500E+06,-77.923350E+00
+275.0000E+06,-74.960205E+00
+275.2500E+06,-76.507803E+00
+275.5000E+06,-83.989424E+00
+275.7500E+06,-71.140713E+00
+276.0000E+06,-75.121221E+00
+276.2500E+06,-73.773682E+00
+276.5000E+06,-75.229443E+00
+276.7500E+06,-74.369912E+00
+277.0000E+06,-70.313564E+00
+277.2500E+06,-76.176943E+00
+277.5000E+06,-87.864600E+00
+277.7500E+06,-75.529678E+00
+278.0000E+06,-73.390889E+00
+278.2500E+06,-82.876729E+00
+278.5000E+06,-74.940049E+00
+278.7500E+06,-69.687256E+00
+279.0000E+06,-75.286670E+00
+279.2500E+06,-75.887744E+00
+279.5000E+06,-73.586045E+00
+279.7500E+06,-77.001787E+00
+280.0000E+06,-74.963428E+00
+280.2500E+06,-71.368057E+00
+280.5000E+06,-96.483525E+00
+280.7500E+06,-74.370107E+00
+281.0000E+06,-79.657256E+00
+281.2500E+06,-72.591553E+00
+281.5000E+06,-75.464502E+00
+281.7500E+06,-79.179326E+00
+282.0000E+06,-73.846377E+00
+282.2500E+06,-74.509854E+00
+282.5000E+06,-75.331299E+00
+282.7500E+06,-77.333213E+00
+283.0000E+06,-72.714092E+00
+283.2500E+06,-74.626260E+00
+283.5000E+06,-87.147920E+00
+283.7500E+06,-81.834424E+00
+284.0000E+06,-80.146045E+00
+284.2500E+06,-75.926221E+00
+284.5000E+06,-77.362354E+00
+284.7500E+06,-77.984346E+00
+285.0000E+06,-78.964014E+00
+285.2500E+06,-83.757080E+00
+285.5000E+06,-72.913232E+00
+285.7500E+06,-71.608330E+00
+286.0000E+06,-80.621768E+00
+286.2500E+06,-74.691943E+00
+286.5000E+06,-80.310811E+00
+286.7500E+06,-81.362314E+00
+287.0000E+06,-75.457510E+00
+287.2500E+06,-77.370889E+00
+287.5000E+06,-71.208252E+00
+287.7500E+06,-75.853018E+00
+288.0000E+06,-76.789951E+00
+288.2500E+06,-78.496143E+00
+288.5000E+06,-73.823408E+00
+288.7500E+06,-83.484814E+00
+289.0000E+06,-84.437236E+00
+289.2500E+06,-81.377100E+00
+289.5000E+06,-86.170088E+00
+289.7500E+06,-83.253486E+00
+290.0000E+06,-80.455225E+00
+290.2500E+06,-81.211416E+00
+290.5000E+06,-84.733545E+00
+290.7500E+06,-71.402588E+00
+291.0000E+06,-75.148994E+00
+291.2500E+06,-84.438818E+00
+291.5000E+06,-68.232666E+00
+291.7500E+06,-72.120029E+00
+292.0000E+06,-76.709209E+00
+292.2500E+06,-76.847373E+00
+292.5000E+06,-77.940381E+00
+292.7500E+06,-79.008174E+00
+293.0000E+06,-71.515537E+00
+293.2500E+06,-75.086670E+00
+293.5000E+06,-81.453818E+00
+293.7500E+06,-78.483154E+00
+294.0000E+06,-80.077822E+00
+294.2500E+06,-74.996338E+00
+294.5000E+06,-77.727725E+00
+294.7500E+06,-73.970244E+00
+295.0000E+06,-71.421436E+00
+295.2500E+06,-74.774619E+00
+295.5000E+06,-74.501455E+00
+295.7500E+06,-73.143486E+00
+296.0000E+06,-75.111494E+00
+296.2500E+06,-89.639502E+00
+296.5000E+06,-77.537705E+00
+296.7500E+06,-78.063857E+00
+297.0000E+06,-79.667041E+00
+297.2500E+06,-82.336514E+00
+297.5000E+06,-80.491846E+00
+297.7500E+06,-78.622979E+00
+298.0000E+06,-77.739150E+00
+298.2500E+06,-73.497412E+00
+298.5000E+06,-77.885479E+00
+298.7500E+06,-72.593701E+00
+299.0000E+06,-74.143838E+00
+299.2500E+06,-78.283486E+00
+299.5000E+06,-78.662334E+00
+299.7500E+06,-77.119111E+00
+300.0000E+06,-87.906006E+00
+300.2500E+06,-74.899717E+00
+300.5000E+06,-86.757861E+00
+300.7500E+06,-87.417686E+00
+301.0000E+06,-77.175186E+00
+301.2500E+06,-69.648096E+00
+301.5000E+06,-79.022236E+00
+301.7500E+06,-80.260713E+00
+302.0000E+06,-82.317686E+00
+302.2500E+06,-73.919033E+00
+302.5000E+06,-70.799463E+00
+302.7500E+06,-75.819600E+00
+303.0000E+06,-86.717549E+00
+303.2500E+06,-74.845693E+00
+303.5000E+06,-72.940400E+00
+303.7500E+06,-74.320557E+00
+304.0000E+06,-81.717178E+00
+304.2500E+06,-80.794580E+00
+304.5000E+06,-78.916299E+00
+304.7500E+06,-82.921807E+00
+305.0000E+06,-76.380127E+00
+305.2500E+06,-80.004463E+00
+305.5000E+06,-81.920322E+00
+305.7500E+06,-79.898584E+00
+306.0000E+06,-72.243057E+00
+306.2500E+06,-78.833252E+00
+306.5000E+06,-72.961279E+00
+306.7500E+06,-80.117197E+00
+307.0000E+06,-86.799053E+00
+307.2500E+06,-71.949580E+00
+307.5000E+06,-84.634131E+00
+307.7500E+06,-80.655127E+00
+308.0000E+06,-83.584307E+00
+308.2500E+06,-71.290459E+00
+308.5000E+06,-74.543604E+00
+308.7500E+06,-73.971631E+00
+309.0000E+06,-78.633994E+00
+309.2500E+06,-94.486260E+00
+309.5000E+06,-84.760303E+00
+309.7500E+06,-79.203447E+00
+310.0000E+06,-80.818311E+00
+310.2500E+06,-77.014580E+00
+310.5000E+06,-82.506494E+00
+310.7500E+06,-81.313330E+00
+311.0000E+06,-76.778779E+00
+311.2500E+06,-86.618506E+00
+311.5000E+06,-76.124814E+00
+311.7500E+06,-78.671689E+00
+312.0000E+06,-70.380166E+00
+312.2500E+06,-79.194541E+00
+312.5000E+06,-75.284424E+00
+312.7500E+06,-79.101279E+00
+313.0000E+06,-68.863096E+00
+313.2500E+06,-78.068604E+00
+313.5000E+06,-78.590596E+00
+313.7500E+06,-74.173193E+00
+314.0000E+06,-76.257471E+00
+314.2500E+06,-84.138037E+00
+314.5000E+06,-76.573213E+00
+314.7500E+06,-83.229189E+00
+315.0000E+06,-73.697021E+00
+315.2500E+06,-80.865049E+00
+315.5000E+06,-79.292939E+00
+315.7500E+06,-68.835889E+00
+316.0000E+06,-89.124541E+00
+316.2500E+06,-79.871924E+00
+316.5000E+06,-75.504619E+00
+316.7500E+06,-74.517314E+00
+317.0000E+06,-77.950322E+00
+317.2500E+06,-79.357607E+00
+317.5000E+06,-83.603076E+00
+317.7500E+06,-78.706416E+00
+318.0000E+06,-84.870420E+00
+318.2500E+06,-79.749463E+00
+318.5000E+06,-74.614268E+00
+318.7500E+06,-75.444580E+00
+319.0000E+06,-78.343135E+00
+319.2500E+06,-74.931826E+00
+319.5000E+06,-78.508076E+00
+319.7500E+06,-79.529600E+00
+320.0000E+06,-84.638428E+00
+320.2500E+06,-72.682744E+00
+320.5000E+06,-80.246592E+00
+320.7500E+06,-75.078467E+00
+321.0000E+06,-76.709873E+00
+321.2500E+06,-75.929932E+00
+321.5000E+06,-73.889443E+00
+321.7500E+06,-75.005576E+00
+322.0000E+06,-70.528643E+00
+322.2500E+06,-82.649990E+00
+322.5000E+06,-90.615967E+00
+322.7500E+06,-80.402510E+00
+323.0000E+06,-74.180947E+00
+323.2500E+06,-83.249697E+00
+323.5000E+06,-85.288896E+00
+323.7500E+06,-78.561279E+00
+324.0000E+06,-77.990674E+00
+324.2500E+06,-81.349736E+00
+324.5000E+06,-82.639775E+00
+324.7500E+06,-88.345010E+00
+325.0000E+06,-89.413818E+00
+325.2500E+06,-78.023076E+00
+325.5000E+06,-71.578135E+00
+325.7500E+06,-79.869893E+00
+326.0000E+06,-82.347354E+00
+326.2500E+06,-80.522314E+00
+326.5000E+06,-78.847607E+00
+326.7500E+06,-86.549268E+00
+327.0000E+06,-74.365361E+00
+327.2500E+06,-76.042002E+00
+327.5000E+06,-85.496045E+00
+327.7500E+06,-85.310225E+00
+328.0000E+06,-79.800791E+00
+328.2500E+06,-77.401611E+00
+328.5000E+06,-75.605986E+00
+328.7500E+06,-76.811670E+00
+329.0000E+06,-72.391982E+00
+329.2500E+06,-84.627822E+00
+329.5000E+06,-84.550713E+00
+329.7500E+06,-82.155791E+00
+330.0000E+06,-83.992334E+00
+330.2500E+06,-81.509639E+00
+330.5000E+06,-88.671826E+00
+330.7500E+06,-85.958701E+00
+331.0000E+06,-80.248896E+00
+331.2500E+06,-80.678467E+00
+331.5000E+06,-77.201592E+00
+331.7500E+06,-74.429619E+00
+332.0000E+06,-81.515146E+00
+332.2500E+06,-78.227432E+00
+332.5000E+06,-73.310107E+00
+332.7500E+06,-80.008564E+00
+333.0000E+06,-75.750576E+00
+333.2500E+06,-70.323271E+00
+333.5000E+06,-75.836982E+00
+333.7500E+06,-75.800537E+00
+334.0000E+06,-78.917764E+00
+334.2500E+06,-77.195771E+00
+334.5000E+06,-74.589443E+00
+334.7500E+06,-77.318076E+00
+335.0000E+06,-72.840381E+00
+335.2500E+06,-78.747295E+00
+335.5000E+06,-74.047080E+00
+335.7500E+06,-80.115479E+00
+336.0000E+06,-79.372080E+00
+336.2500E+06,-82.863135E+00
+336.5000E+06,-78.138408E+00
+336.7500E+06,-70.871006E+00
+337.0000E+06,-83.382959E+00
+337.2500E+06,-76.963037E+00
+337.5000E+06,-79.668213E+00
+337.7500E+06,-76.246982E+00
+338.0000E+06,-75.373740E+00
+338.2500E+06,-81.425029E+00
+338.5000E+06,-78.331982E+00
+338.7500E+06,-83.273779E+00
+339.0000E+06,-77.299814E+00
+339.2500E+06,-73.668076E+00
+339.5000E+06,-77.143252E+00
+339.7500E+06,-74.391670E+00
+340.0000E+06,-82.122217E+00
+340.2500E+06,-76.589053E+00
+340.5000E+06,-96.362822E+00
+340.7500E+06,-79.944932E+00
+341.0000E+06,-80.261279E+00
+341.2500E+06,-78.133350E+00
+341.5000E+06,-72.886357E+00
+341.7500E+06,-72.307021E+00
+342.0000E+06,-75.777080E+00
+342.2500E+06,-73.533311E+00
+342.5000E+06,-82.139600E+00
+342.7500E+06,-84.414463E+00
+343.0000E+06,-77.122861E+00
+343.2500E+06,-79.651846E+00
+343.5000E+06,-72.635146E+00
+343.7500E+06,-81.375732E+00
+344.0000E+06,-85.349990E+00
+344.2500E+06,-83.636650E+00
+344.5000E+06,-77.474014E+00
+344.7500E+06,-78.106240E+00
+345.0000E+06,-70.869482E+00
+345.2500E+06,-79.449717E+00
+345.5000E+06,-76.878623E+00
+345.7500E+06,-71.272041E+00
+346.0000E+06,-74.057021E+00
+346.2500E+06,-80.052588E+00
+346.5000E+06,-80.282314E+00
+346.7500E+06,-71.460518E+00
+347.0000E+06,-75.089834E+00
+347.2500E+06,-72.599619E+00
+347.5000E+06,-81.455225E+00
+347.7500E+06,-85.640654E+00
+348.0000E+06,-79.171182E+00
+348.2500E+06,-81.250088E+00
+348.5000E+06,-81.734775E+00
+348.7500E+06,-77.252002E+00
+349.0000E+06,-82.165400E+00
+349.2500E+06,-87.671279E+00
+349.5000E+06,-82.069072E+00
+349.7500E+06,-76.939912E+00
+350.0000E+06,-81.162842E+00
+350.2500E+06,-69.658818E+00
+350.5000E+06,-75.308525E+00
+350.7500E+06,-79.227568E+00
+351.0000E+06,-76.580303E+00
+351.2500E+06,-81.464990E+00
+351.5000E+06,-74.406318E+00
+351.7500E+06,-78.484990E+00
+352.0000E+06,-75.305010E+00
+352.2500E+06,-80.582119E+00
+352.5000E+06,-80.423975E+00
+352.7500E+06,-73.991279E+00
+353.0000E+06,-78.178486E+00
+353.2500E+06,-77.330244E+00
+353.5000E+06,-74.780225E+00
+353.7500E+06,-75.249072E+00
+354.0000E+06,-78.254912E+00
+354.2500E+06,-78.738525E+00
+354.5000E+06,-75.035986E+00
+354.7500E+06,-80.436357E+00
+355.0000E+06,-77.594189E+00
+355.2500E+06,-74.144033E+00
+355.5000E+06,-81.240771E+00
+355.7500E+06,-80.913525E+00
+356.0000E+06,-81.409170E+00
+356.2500E+06,-81.447021E+00
+356.5000E+06,-74.029971E+00
+356.7500E+06,-73.462119E+00
+357.0000E+06,-73.642881E+00
+357.2500E+06,-86.189014E+00
+357.5000E+06,-81.933252E+00
+357.7500E+06,-78.510400E+00
+358.0000E+06,-77.656455E+00
+358.2500E+06,-77.735635E+00
+358.5000E+06,-76.484014E+00
+358.7500E+06,-74.477393E+00
+359.0000E+06,-70.460010E+00
+359.2500E+06,-74.817666E+00
+359.5000E+06,-75.022197E+00
+359.7500E+06,-77.156357E+00
+360.0000E+06,-73.231104E+00
+360.2500E+06,-77.280029E+00
+360.5000E+06,-82.482725E+00
+360.7500E+06,-75.296396E+00
+361.0000E+06,-79.033857E+00
+361.2500E+06,-81.259229E+00
+361.5000E+06,-75.746709E+00
+361.7500E+06,-73.518584E+00
+362.0000E+06,-80.594736E+00
+362.2500E+06,-80.488135E+00
+362.5000E+06,-85.787842E+00
+362.7500E+06,-80.330791E+00
+363.0000E+06,-78.993154E+00
+363.2500E+06,-79.998682E+00
+363.5000E+06,-77.371631E+00
+363.7500E+06,-80.290283E+00
+364.0000E+06,-74.097803E+00
+364.2500E+06,-73.209443E+00
+364.5000E+06,-78.889932E+00
+364.7500E+06,-77.365303E+00
+365.0000E+06,-78.737939E+00
+365.2500E+06,-85.474424E+00
+365.5000E+06,-78.241826E+00
+365.7500E+06,-86.185947E+00
+366.0000E+06,-79.437295E+00
+366.2500E+06,-86.243604E+00
+366.5000E+06,-82.135791E+00
+366.7500E+06,-75.559854E+00
+367.0000E+06,-77.698174E+00
+367.2500E+06,-77.762666E+00
+367.5000E+06,-90.802393E+00
+367.7500E+06,-82.461924E+00
+368.0000E+06,-77.164482E+00
+368.2500E+06,-81.669932E+00
+368.5000E+06,-88.182666E+00
+368.7500E+06,-85.738037E+00
+369.0000E+06,-71.176670E+00
+369.2500E+06,-83.100791E+00
+369.5000E+06,-74.984775E+00
+369.7500E+06,-77.958174E+00
+370.0000E+06,-73.300342E+00
+370.2500E+06,-81.011123E+00
+370.5000E+06,-76.780029E+00
+370.7500E+06,-81.436260E+00
+371.0000E+06,-69.800928E+00
+371.2500E+06,-78.868994E+00
+371.5000E+06,-80.878154E+00
+371.7500E+06,-77.206475E+00
+372.0000E+06,-69.560791E+00
+372.2500E+06,-75.899834E+00
+372.5000E+06,-74.987451E+00
+372.7500E+06,-78.971279E+00
+373.0000E+06,-80.569463E+00
+373.2500E+06,-77.593994E+00
+373.5000E+06,-75.323115E+00
+373.7500E+06,-81.224072E+00
+374.0000E+06,-77.277803E+00
+374.2500E+06,-80.363740E+00
+374.5000E+06,-73.418994E+00
+374.7500E+06,-77.577627E+00
+375.0000E+06,-75.201416E+00
+375.2500E+06,-82.734131E+00
+375.5000E+06,-79.010654E+00
+375.7500E+06,-82.792256E+00
+376.0000E+06,-84.673369E+00
+376.2500E+06,-76.266943E+00
+376.5000E+06,-85.080791E+00
+376.7500E+06,-83.218564E+00
+377.0000E+06,-79.009307E+00
+377.2500E+06,-71.608037E+00
+377.5000E+06,-74.590869E+00
+377.7500E+06,-80.872334E+00
+378.0000E+06,-87.327803E+00
+378.2500E+06,-86.298682E+00
+378.5000E+06,-76.881943E+00
+378.7500E+06,-76.618018E+00
+379.0000E+06,-78.619170E+00
+379.2500E+06,-74.915635E+00
+379.5000E+06,-74.780244E+00
+379.7500E+06,-76.664697E+00
+380.0000E+06,-76.726416E+00
+380.2500E+06,-77.416826E+00
+380.5000E+06,-78.574053E+00
+380.7500E+06,-87.001455E+00
+381.0000E+06,-86.338975E+00
+381.2500E+06,-75.641846E+00
+381.5000E+06,-74.992686E+00
+381.7500E+06,-86.092607E+00
+382.0000E+06,-76.753662E+00
+382.2500E+06,-88.533662E+00
+382.5000E+06,-72.470557E+00
+382.7500E+06,-84.522549E+00
+383.0000E+06,-74.061182E+00
+383.2500E+06,-77.743154E+00
+383.5000E+06,-80.788115E+00
+383.7500E+06,-82.523096E+00
+384.0000E+06,-88.644326E+00
+384.2500E+06,-84.523525E+00
+384.5000E+06,-69.972725E+00
+384.7500E+06,-81.266826E+00
+385.0000E+06,-83.200537E+00
+385.2500E+06,-77.031240E+00
+385.5000E+06,-71.918291E+00
+385.7500E+06,-84.918662E+00
+386.0000E+06,-96.725908E+00
+386.2500E+06,-73.991064E+00
+386.5000E+06,-72.397744E+00
+386.7500E+06,-85.719189E+00
+387.0000E+06,-91.672002E+00
+387.2500E+06,-81.176846E+00
+387.5000E+06,-81.948486E+00
+387.7500E+06,-78.345322E+00
+388.0000E+06,-87.323311E+00
+388.2500E+06,-80.870908E+00
+388.5000E+06,-77.272451E+00
+388.7500E+06,-84.404248E+00
+389.0000E+06,-81.734404E+00
+389.2500E+06,-76.299971E+00
+389.5000E+06,-74.246260E+00
+389.7500E+06,-86.453643E+00
+390.0000E+06,-87.381689E+00
+390.2500E+06,-77.310029E+00
+390.5000E+06,-80.825674E+00
+390.7500E+06,-70.474541E+00
+391.0000E+06,-81.277959E+00
+391.2500E+06,-78.633447E+00
+391.5000E+06,-94.885830E+00
+391.7500E+06,-94.887080E+00
+392.0000E+06,-78.041045E+00
+392.2500E+06,-85.285889E+00
+392.5000E+06,-72.136865E+00
+392.7500E+06,-77.051064E+00
+393.0000E+06,-81.590869E+00
+393.2500E+06,-77.190869E+00
+393.5000E+06,-77.268271E+00
+393.7500E+06,-86.262451E+00
+394.0000E+06,-82.485459E+00
+394.2500E+06,-80.967314E+00
+394.5000E+06,-74.824033E+00
+394.7500E+06,-79.161533E+00
+395.0000E+06,-77.428271E+00
+395.2500E+06,-81.482588E+00
+395.5000E+06,-77.664658E+00
+395.7500E+06,-78.383330E+00
+396.0000E+06,-95.060947E+00
+396.2500E+06,-73.499658E+00
+396.5000E+06,-82.468838E+00
+396.7500E+06,-71.550615E+00
+397.0000E+06,-75.265479E+00
+397.2500E+06,-88.644893E+00
+397.5000E+06,-76.749365E+00
+397.7500E+06,-73.759365E+00
+398.0000E+06,-84.551807E+00
+398.2500E+06,-81.676162E+00
+398.5000E+06,-87.185967E+00
+398.7500E+06,-77.940576E+00
+399.0000E+06,-74.473857E+00
+399.2500E+06,-78.007002E+00
+399.5000E+06,-86.799014E+00
+399.7500E+06,-77.495342E+00
+400.0000E+06,-82.713623E+00
+400.2500E+06,-73.646768E+00
+400.5000E+06,-75.623291E+00
+400.7500E+06,-85.384521E+00
+401.0000E+06,-87.644756E+00
+401.2500E+06,-72.898779E+00
+401.5000E+06,-87.351650E+00
+401.7500E+06,-89.071084E+00
+402.0000E+06,-73.688936E+00
+402.2500E+06,-77.813115E+00
+402.5000E+06,-71.829346E+00
+402.7500E+06,-87.255557E+00
+403.0000E+06,-79.657139E+00
+403.2500E+06,-73.864424E+00
+403.5000E+06,-81.102061E+00
+403.7500E+06,-78.166553E+00
+404.0000E+06,-78.702432E+00
+404.2500E+06,-79.175264E+00
+404.5000E+06,-78.551650E+00
+404.7500E+06,-73.200029E+00
+405.0000E+06,-83.965088E+00
+405.2500E+06,-72.354229E+00
+405.5000E+06,-80.368936E+00
+405.7500E+06,-73.948838E+00
+406.0000E+06,-89.077256E+00
+406.2500E+06,-83.492432E+00
+406.5000E+06,-80.740615E+00
+406.7500E+06,-77.266494E+00
+407.0000E+06,-74.186104E+00
+407.2500E+06,-73.558740E+00
+407.5000E+06,-77.579248E+00
+407.7500E+06,-76.230986E+00
+408.0000E+06,-89.265244E+00
+408.2500E+06,-76.811162E+00
+408.5000E+06,-82.975459E+00
+408.7500E+06,-73.002588E+00
+409.0000E+06,-82.417783E+00
+409.2500E+06,-87.234814E+00
+409.5000E+06,-77.338213E+00
+409.7500E+06,-77.597021E+00
+410.0000E+06,-79.806104E+00
+410.2500E+06,-78.880576E+00
+410.5000E+06,-83.145186E+00
+410.7500E+06,-79.395693E+00
+411.0000E+06,-74.767139E+00
+411.2500E+06,-79.247021E+00
+411.5000E+06,-75.995791E+00
+411.7500E+06,-81.032803E+00
+412.0000E+06,-81.890049E+00
+412.2500E+06,-80.700615E+00
+412.5000E+06,-84.190186E+00
+412.7500E+06,-78.654717E+00
+413.0000E+06,-79.746104E+00
+413.2500E+06,-71.599287E+00
+413.5000E+06,-77.464346E+00
+413.7500E+06,-86.552197E+00
+414.0000E+06,-78.005811E+00
+414.2500E+06,-82.532900E+00
+414.5000E+06,-75.072588E+00
+414.7500E+06,-74.469893E+00
+415.0000E+06,-79.538037E+00
+415.2500E+06,-88.562998E+00
+415.5000E+06,-82.885771E+00
+415.7500E+06,-76.726885E+00
+416.0000E+06,-73.599600E+00
+416.2500E+06,-80.989404E+00
+416.5000E+06,-75.552217E+00
+416.7500E+06,-76.868701E+00
+417.0000E+06,-82.017705E+00
+417.2500E+06,-70.801416E+00
+417.5000E+06,-74.920850E+00
+417.7500E+06,-75.462939E+00
+418.0000E+06,-75.426787E+00
+418.2500E+06,-86.346084E+00
+418.5000E+06,-83.285791E+00
+418.7500E+06,-83.426514E+00
+419.0000E+06,-76.808525E+00
+419.2500E+06,-72.934424E+00
+419.5000E+06,-81.695811E+00
+419.7500E+06,-74.247178E+00
+420.0000E+06,-71.708740E+00
+420.2500E+06,-74.683428E+00
+420.5000E+06,-82.816670E+00
+420.7500E+06,-82.331201E+00
+421.0000E+06,-76.578037E+00
+421.2500E+06,-75.647021E+00
+421.5000E+06,-84.739502E+00
+421.7500E+06,-81.017334E+00
+422.0000E+06,-83.836709E+00
+422.2500E+06,-74.847725E+00
+422.5000E+06,-78.655127E+00
+422.7500E+06,-89.256650E+00
+423.0000E+06,-92.897002E+00
+423.2500E+06,-78.430674E+00
+423.5000E+06,-77.910850E+00
+423.7500E+06,-75.855420E+00
+424.0000E+06,-75.999678E+00
+424.2500E+06,-76.818662E+00
+424.5000E+06,-75.865830E+00
+424.7500E+06,-81.538916E+00
+425.0000E+06,-91.006104E+00
+425.2500E+06,-77.736514E+00
+425.5000E+06,-84.801416E+00
+425.7500E+06,-80.746455E+00
+426.0000E+06,-80.595908E+00
+426.2500E+06,-76.213623E+00
+426.5000E+06,-79.214639E+00
+426.7500E+06,-86.906494E+00
+427.0000E+06,-76.583311E+00
+427.2500E+06,-74.909365E+00
+427.5000E+06,-73.584912E+00
+427.7500E+06,-79.988662E+00
+428.0000E+06,-78.996709E+00
+428.2500E+06,-86.918682E+00
+428.5000E+06,-77.298564E+00
+428.7500E+06,-81.552100E+00
+429.0000E+06,-78.098486E+00
+429.2500E+06,-76.586670E+00
+429.5000E+06,-70.410889E+00
+429.7500E+06,-75.498447E+00
+430.0000E+06,-75.184229E+00
+430.2500E+06,-75.494404E+00
+430.5000E+06,-71.794873E+00
+430.7500E+06,-77.204619E+00
+431.0000E+06,-75.146787E+00
+431.2500E+06,-77.737061E+00
+431.5000E+06,-84.022861E+00
+431.7500E+06,-82.343584E+00
+432.0000E+06,-86.949756E+00
+432.2500E+06,-76.046631E+00
+432.5000E+06,-71.468701E+00
+432.7500E+06,-72.172568E+00
+433.0000E+06,-77.056885E+00
+433.2500E+06,-74.428760E+00
+433.5000E+06,-77.718994E+00
+433.7500E+06,-82.154541E+00
+434.0000E+06,-73.001436E+00
+434.2500E+06,-86.258057E+00
+434.5000E+06,-82.738447E+00
+434.7500E+06,-86.431143E+00
+435.0000E+06,-73.246045E+00
+435.2500E+06,-74.238506E+00
+435.5000E+06,-80.993896E+00
+435.7500E+06,-76.826572E+00
+436.0000E+06,-70.939014E+00
+436.2500E+06,-78.859619E+00
+436.5000E+06,-75.307959E+00
+436.7500E+06,-69.001592E+00
+437.0000E+06,-76.454580E+00
+437.2500E+06,-75.961631E+00
+437.5000E+06,-77.576904E+00
+437.7500E+06,-90.249736E+00
+438.0000E+06,-74.554912E+00
+438.2500E+06,-76.909854E+00
+438.5000E+06,-76.549385E+00
+438.7500E+06,-77.084912E+00
+439.0000E+06,-74.451748E+00
+439.2500E+06,-78.864717E+00
+439.5000E+06,-84.081318E+00
+439.7500E+06,-87.562119E+00
+440.0000E+06,-85.009033E+00
+440.2500E+06,-92.695713E+00
+440.5000E+06,-88.613350E+00
+440.7500E+06,-81.497646E+00
+441.0000E+06,-88.634092E+00
+441.2500E+06,-85.645850E+00
+441.5000E+06,-77.913311E+00
+441.7500E+06,-81.276768E+00
+442.0000E+06,-78.848936E+00
+442.2500E+06,-87.149834E+00
+442.5000E+06,-77.627393E+00
+442.7500E+06,-78.660049E+00
+443.0000E+06,-76.844893E+00
+443.2500E+06,-78.470010E+00
+443.5000E+06,-77.791592E+00
+443.7500E+06,-76.558350E+00
+444.0000E+06,-77.963486E+00
+444.2500E+06,-73.233643E+00
+444.5000E+06,-76.135088E+00
+444.7500E+06,-80.211104E+00
+445.0000E+06,-89.705518E+00
+445.2500E+06,-74.297334E+00
+445.5000E+06,-81.898877E+00
+445.7500E+06,-83.528994E+00
+446.0000E+06,-78.769482E+00
+446.2500E+06,-82.308154E+00
+446.5000E+06,-77.401943E+00
+446.7500E+06,-75.637354E+00
+447.0000E+06,-92.014209E+00
+447.2500E+06,-76.971240E+00
+447.5000E+06,-71.769971E+00
+447.7500E+06,-75.017979E+00
+448.0000E+06,-74.087334E+00
+448.2500E+06,-74.948896E+00
+448.5000E+06,-82.819346E+00
+448.7500E+06,-74.753857E+00
+449.0000E+06,-80.717451E+00
+449.2500E+06,-79.274697E+00
+449.5000E+06,-86.777939E+00
+449.7500E+06,-73.625322E+00
+450.0000E+06,-85.709229E+00
+450.2500E+06,-72.966201E+00
+450.5000E+06,-80.620127E+00
+450.7500E+06,-81.188135E+00
+451.0000E+06,-73.519541E+00
+451.2500E+06,-77.613623E+00
+451.5000E+06,-83.449717E+00
+451.7500E+06,-78.480342E+00
+452.0000E+06,-85.424736E+00
+452.2500E+06,-74.607393E+00
+452.5000E+06,-75.597412E+00
+452.7500E+06,-72.120186E+00
+453.0000E+06,-83.590322E+00
+453.2500E+06,-87.892100E+00
+453.5000E+06,-82.521514E+00
+453.7500E+06,-86.923877E+00
+454.0000E+06,-76.564795E+00
+454.2500E+06,-74.201436E+00
+454.5000E+06,-78.108936E+00
+454.7500E+06,-86.206025E+00
+455.0000E+06,-73.037451E+00
+455.2500E+06,-73.436299E+00
+455.5000E+06,-72.380537E+00
+455.7500E+06,-75.036865E+00
+456.0000E+06,-77.397920E+00
+456.2500E+06,-82.927002E+00
+456.5000E+06,-77.640107E+00
+456.7500E+06,-77.567373E+00
+457.0000E+06,-80.599912E+00
+457.2500E+06,-87.611553E+00
+457.5000E+06,-77.802588E+00
+457.7500E+06,-79.759033E+00
+458.0000E+06,-84.155732E+00
+458.2500E+06,-74.225400E+00
+458.5000E+06,-81.298232E+00
+458.7500E+06,-81.022314E+00
+459.0000E+06,-79.910264E+00
+459.2500E+06,-81.496279E+00
+459.5000E+06,-82.243643E+00
+459.7500E+06,-79.690498E+00
+460.0000E+06,-80.959229E+00
+460.2500E+06,-79.332529E+00
+460.5000E+06,-79.351416E+00
+460.7500E+06,-75.484092E+00
+461.0000E+06,-85.804404E+00
+461.2500E+06,-96.845068E+00
+461.5000E+06,-72.099092E+00
+461.7500E+06,-75.555967E+00
+462.0000E+06,-80.303271E+00
+462.2500E+06,-74.756553E+00
+462.5000E+06,-81.184326E+00
+462.7500E+06,-78.486006E+00
+463.0000E+06,-77.837061E+00
+463.2500E+06,-78.848135E+00
+463.5000E+06,-81.051885E+00
+463.7500E+06,-73.877783E+00
+464.0000E+06,-78.731260E+00
+464.2500E+06,-79.810107E+00
+464.5000E+06,-81.066318E+00
+464.7500E+06,-78.071709E+00
+465.0000E+06,-87.943408E+00
+465.2500E+06,-76.974346E+00
+465.5000E+06,-77.001924E+00
+465.7500E+06,-74.104326E+00
+466.0000E+06,-84.271377E+00
+466.2500E+06,-77.015967E+00
+466.5000E+06,-83.818408E+00
+466.7500E+06,-84.871631E+00
+467.0000E+06,-80.005361E+00
+467.2500E+06,-78.911650E+00
+467.5000E+06,-73.174365E+00
+467.7500E+06,-71.942920E+00
+468.0000E+06,-74.311045E+00
+468.2500E+06,-75.375869E+00
+468.5000E+06,-83.306826E+00
+468.7500E+06,-77.530518E+00
+469.0000E+06,-80.004971E+00
+469.2500E+06,-77.574561E+00
+469.5000E+06,-94.786357E+00
+469.7500E+06,-76.836064E+00
+470.0000E+06,-87.250928E+00
+470.2500E+06,-80.082607E+00
+470.5000E+06,-76.156982E+00
+470.7500E+06,-74.539092E+00
+471.0000E+06,-82.140518E+00
+471.2500E+06,-80.223682E+00
+471.5000E+06,-75.689326E+00
+471.7500E+06,-83.196396E+00
+472.0000E+06,-78.314541E+00
+472.2500E+06,-79.255557E+00
+472.5000E+06,-78.679736E+00
+472.7500E+06,-77.283740E+00
+473.0000E+06,-79.557412E+00
+473.2500E+06,-82.544287E+00
+473.5000E+06,-73.286982E+00
+473.7500E+06,-76.214795E+00
+474.0000E+06,-78.436416E+00
+474.2500E+06,-79.205830E+00
+474.5000E+06,-75.559990E+00
+474.7500E+06,-77.221807E+00
+475.0000E+06,-84.225830E+00
+475.2500E+06,-78.906396E+00
+475.5000E+06,-85.150322E+00
+475.7500E+06,-73.912490E+00
+476.0000E+06,-70.347061E+00
+476.2500E+06,-86.980615E+00
+476.5000E+06,-84.214385E+00
+476.7500E+06,-78.379248E+00
+477.0000E+06,-76.276729E+00
+477.2500E+06,-76.049404E+00
+477.5000E+06,-86.813623E+00
+477.7500E+06,-82.336377E+00
+478.0000E+06,-81.570850E+00
+478.2500E+06,-73.961260E+00
+478.5000E+06,-80.854541E+00
+478.7500E+06,-96.765186E+00
+479.0000E+06,-76.018213E+00
+479.2500E+06,-98.892393E+00
+479.5000E+06,-81.414229E+00
+479.7500E+06,-73.215615E+00
+480.0000E+06,-75.203564E+00
+480.2500E+06,-75.329756E+00
+480.5000E+06,-75.082822E+00
+480.7500E+06,-82.120283E+00
+481.0000E+06,-83.940537E+00
+481.2500E+06,-80.122314E+00
+481.5000E+06,-82.215049E+00
+481.7500E+06,-72.943877E+00
+482.0000E+06,-79.824971E+00
+482.2500E+06,-85.625674E+00
+482.5000E+06,-80.534033E+00
+482.7500E+06,-81.061963E+00
+483.0000E+06,-75.607236E+00
+483.2500E+06,-74.898291E+00
+483.5000E+06,-82.661436E+00
+483.7500E+06,-71.666455E+00
+484.0000E+06,-77.978174E+00
+484.2500E+06,-80.311611E+00
+484.5000E+06,-80.191104E+00
+484.7500E+06,-77.070928E+00
+485.0000E+06,-80.132666E+00
+485.2500E+06,-75.255674E+00
+485.5000E+06,-79.150967E+00
+485.7500E+06,-81.178975E+00
+486.0000E+06,-74.712725E+00
+486.2500E+06,-83.696826E+00
+486.5000E+06,-73.867979E+00
+486.7500E+06,-83.196240E+00
+487.0000E+06,-74.114014E+00
+487.2500E+06,-79.584033E+00
+487.5000E+06,-79.392822E+00
+487.7500E+06,-74.666182E+00
+488.0000E+06,-82.195967E+00
+488.2500E+06,-76.061982E+00
+488.5000E+06,-80.093154E+00
+488.7500E+06,-71.477783E+00
+489.0000E+06,-86.543135E+00
+489.2500E+06,-77.208467E+00
+489.5000E+06,-79.270928E+00
+489.7500E+06,-76.162002E+00
+490.0000E+06,-87.296533E+00
+490.2500E+06,-81.138408E+00
+490.5000E+06,-78.106357E+00
+490.7500E+06,-74.346689E+00
+491.0000E+06,-77.695674E+00
+491.2500E+06,-76.650537E+00
+491.5000E+06,-79.436299E+00
+491.7500E+06,-78.369990E+00
+492.0000E+06,-78.520459E+00
+492.2500E+06,-82.125557E+00
+492.5000E+06,-77.064697E+00
+492.7500E+06,-82.191846E+00
+493.0000E+06,-73.575850E+00
+493.2500E+06,-76.291357E+00
+493.5000E+06,-82.720244E+00
+493.7500E+06,-80.827881E+00
+494.0000E+06,-79.071514E+00
+494.2500E+06,-84.991924E+00
+494.5000E+06,-78.616709E+00
+494.7500E+06,-74.296260E+00
+495.0000E+06,-84.964990E+00
+495.2500E+06,-78.489053E+00
+495.5000E+06,-77.143389E+00
+495.7500E+06,-78.665986E+00
+496.0000E+06,-75.666865E+00
+496.2500E+06,-73.086768E+00
+496.5000E+06,-74.433506E+00
+496.7500E+06,-87.364521E+00
+497.0000E+06,-84.715615E+00
+497.2500E+06,-77.081104E+00
+497.5000E+06,-78.960205E+00
+497.7500E+06,-84.301025E+00
+498.0000E+06,-83.069775E+00
+498.2500E+06,-78.099365E+00
+498.5000E+06,-88.031631E+00
+498.7500E+06,-81.203076E+00
+499.0000E+06,-81.248877E+00
+499.2500E+06,-100.545400E+00
+499.5000E+06,-71.840029E+00
+499.7500E+06,-78.274951E+00
+500.0000E+06,-81.246338E+00
+500.2500E+06,-82.244932E+00
+500.5000E+06,-77.033096E+00
+500.7500E+06,-83.228486E+00
+501.0000E+06,-76.885400E+00
+501.2500E+06,-72.579736E+00
+501.5000E+06,-84.904600E+00
+501.7500E+06,-70.563057E+00
+502.0000E+06,-77.483213E+00
+502.2500E+06,-79.826787E+00
+502.5000E+06,-79.889404E+00
+502.7500E+06,-94.500225E+00
+503.0000E+06,-76.317920E+00
+503.2500E+06,-81.501045E+00
+503.5000E+06,-78.982510E+00
+503.7500E+06,-76.669775E+00
